email_id,category,notes
email_004,,
email_006,,
email_008,,
email_011,,
email_017,,
email_024,,
email_025,,
email_026,,
email_029,,
email_032,,
email_035,,
email_037,,
email_039,,
email_045,,
email_046,,
email_053,,
email_055,,
email_057,,
email_060,,
email_071,,
email_081,,
email_083,,
email_085,,
email_093,,
email_095,,
email_096,,
email_100,,
email_101,,
email_103,,
email_107,,
email_113,,
email_117,,
email_118,,
email_120,,
email_124,,
email_131,,
email_135,,
email_141,,
email_158,,
email_161,,
email_164,,
email_166,,
email_172,,
email_185,,
email_190,,
email_193,,
email_197,,
email_202,,
email_207,,
email_210,,
email_212,,
email_217,,
email_220,,
email_228,,
email_229,,
email_230,,
email_232,,
email_235,,
email_236,,
email_237,,
email_240,,
email_249,,
email_252,,
email_258,,
email_275,,
email_276,,
email_279,,
email_282,,
email_283,,
email_297,,
email_298,,
email_303,,
email_304,,
email_314,,
email_321,,
email_324,,
email_325,,
email_326,,
email_334,,
email_340,,
email_342,,
email_344,,
email_346,,
email_347,,
email_351,,
email_352,,
email_357,,
email_360,,
email_382,,
email_386,,
email_394,,
email_396,,
email_409,,
email_411,,
email_412,,
email_422,,
email_425,,
email_428,,
email_437,,
email_439,,
email_442,,
email_446,,
email_456,,
email_464,,
email_465,,
email_468,,
email_472,,
email_474,,
email_476,,
email_480,,
email_483,,
email_484,,
email_490,,
email_491,,
email_495,,
email_497,,
email_498,,
email_509,,
email_512,,
email_519,,
